-- subquery practice

create database set7s;
use set7s;
-- ============================================================
-- SQL SUBQUERY PRACTICE WORKBOOK
-- Table Setup Script — MySQL 8+ / PostgreSQL / SQLite
-- 5 Tables | 84 Total Rows
-- ============================================================
 
-- ============================================================
-- DROP (reverse FK order)
-- ============================================================
DROP TABLE IF EXISTS orders;
DROP TABLE IF EXISTS employees;
DROP TABLE IF EXISTS customers;
DROP TABLE IF EXISTS products;
DROP TABLE IF EXISTS departments;
 
-- ============================================================
-- 1. departments (4 rows)
-- ============================================================
CREATE TABLE departments (
dept_id INT NOT NULL,
dept_name VARCHAR(50) NOT NULL,
budget INT NOT NULL,
location VARCHAR(50) NOT NULL,
head_id INT,
PRIMARY KEY (dept_id)
);
 
INSERT INTO departments (dept_id, dept_name, budget, location, head_id) VALUES
(1, 'IT', 500000, 'Bangalore', 101),
(2, 'HR', 200000, 'Mumbai', 103),
(3, 'Finance', 600000, 'Delhi', 105),
(4, 'Marketing', 300000, 'Chennai', 108);
 
-- ============================================================
-- 2. employees (20 rows)
-- ============================================================
CREATE TABLE employees (
emp_id INT NOT NULL,
emp_name VARCHAR(100) NOT NULL,
department VARCHAR(50) NOT NULL,
salary INT NOT NULL,
manager_id INT,
hire_year INT NOT NULL,
PRIMARY KEY (emp_id)
);
 
INSERT INTO employees (emp_id, emp_name, department, salary, manager_id, hire_year) VALUES
(101, 'Alice Johnson', 'IT', 72000, NULL, 2018),
(102, 'Bob Smith', 'IT', 65000, 101, 2019),
(103, 'Carol White', 'HR', 58000, NULL, 2017),
(104, 'David Brown', 'HR', 54000, 103, 2020),
(105, 'Eva Green', 'Finance', 80000, NULL, 2016),
(106, 'Frank Black', 'Finance', 75000, 105, 2018),
(107, 'Grace Lee', 'IT', 68000, 101, 2021),
(108, 'Henry Wilson', 'Marketing', 60000, NULL, 2017),
(109, 'Ivy Turner', 'Marketing', 56000, 108, 2022),
(110, 'Jack Davis', 'Finance', 70000, 105, 2019),
(111, 'Karen Moore', 'IT', 63000, 101, 2020),
(112, 'Leo Harris', 'HR', 50000, 103, 2021),
(113, 'Mia Clark', 'Marketing', 62000, 108, 2018),
(114, 'Nate Lewis', 'Finance', 78000, 105, 2019),
(115, 'Olivia Walker', 'IT', 71000, 101, 2017),
(116, 'Paul Hall', 'HR', 53000, 103, 2020),
(117, 'Quinn Young', 'Marketing', 59000, 108, 2021),
(118, 'Rachel King', 'Finance', 82000, 105, 2016),
(119, 'Sam Scott', 'IT', 66000, 101, 2022),
(120, 'Tina Adams', 'HR', 55000, 103, 2019);
 
-- ============================================================
-- 3. customers (20 rows)
-- ============================================================
CREATE TABLE customers (
customer_id INT NOT NULL,
customer_name VARCHAR(100) NOT NULL,
city VARCHAR(50) NOT NULL,
country VARCHAR(50) NOT NULL,
join_year INT NOT NULL,
PRIMARY KEY (customer_id)
);
 
INSERT INTO customers (customer_id, customer_name, city, country, join_year) VALUES
(201, 'Aarav Mehta', 'Mumbai', 'India', 2021),
(202, 'Priya Sharma', 'Delhi', 'India', 2020),
(203, 'Rohan Gupta', 'Pune', 'India', 2022),
(204, 'Sunita Patel', 'Ahmedabad', 'India', 2021),
(205, 'Vikram Rao', 'Bangalore', 'India', 2019),
(206, 'Neha Singh', 'Chennai', 'India', 2023),
(207, 'Arjun Kumar', 'Hyderabad', 'India', 2020),
(208, 'Deepa Nair', 'Kochi', 'India', 2022),
(209, 'Sanjay Joshi', 'Jaipur', 'India', 2021),
(210, 'Meera Iyer', 'Coimbatore', 'India', 2023),
(211, 'Ravi Verma', 'Lucknow', 'India', 2020),
(212, 'Anita Das', 'Kolkata', 'India', 2019),
(213, 'Kiran Reddy', 'Vizag', 'India', 2022),
(214, 'Pooja Shah', 'Surat', 'India', 2021),
(215, 'Amit Bose', 'Nagpur', 'India', 2023),
(216, 'Tara Menon', 'Trivandrum', 'India', 2020),
(217, 'Nikhil Kulkarni', 'Nashik', 'India', 2022),
(218, 'Swati Chatterjee', 'Bhopal', 'India', 2019),
(219, 'Rahul Pandey', 'Patna', 'India', 2021),
(220, 'Divya Tiwari', 'Indore', 'India', 2023);
 
-- ============================================================
-- 4. products (20 rows)
-- ============================================================
CREATE TABLE products (
product_id INT NOT NULL,
product_name VARCHAR(100) NOT NULL,
category VARCHAR(50) NOT NULL,
price INT NOT NULL,
stock_qty INT NOT NULL,
PRIMARY KEY (product_id)
);
 
INSERT INTO products (product_id, product_name, category, price, stock_qty) VALUES
(301, 'Laptop', 'Electronics', 55000, 30),
(302, 'Smartphone', 'Electronics', 22000, 80),
(303, 'Headphones', 'Electronics', 3500, 120),
(304, 'Monitor', 'Electronics', 18000, 45),
(305, 'Keyboard', 'Accessories', 1500, 200),
(306, 'Mouse', 'Accessories', 900, 250),
(307, 'Desk Chair', 'Furniture', 8500, 40),
(308, 'Standing Desk', 'Furniture', 22000, 15),
(309, 'Webcam', 'Electronics', 4200, 70),
(310, 'USB Hub', 'Accessories', 1200, 180),
(311, 'Notebook', 'Stationery', 150, 500),
(312, 'Pen Set', 'Stationery', 250, 600),
(313, 'Printer', 'Electronics', 12000, 25),
(314, 'Scanner', 'Electronics', 9000, 20),
(315, 'External SSD', 'Electronics', 7500, 60),
(316, 'Lamp', 'Furniture', 2200, 90),
(317, 'Whiteboard', 'Office Supplies', 3800, 35),
(318, 'Cable Organiser', 'Accessories', 600, 300),
(319, 'Power Bank', 'Electronics', 2800, 100),
(320, 'Smart Watch', 'Electronics', 15000, 55);
 
-- ============================================================
-- 5. orders (20 rows)
-- ============================================================
CREATE TABLE orders (
order_id INT NOT NULL,
customer_id INT NOT NULL,
product_id INT NOT NULL,
amount DECIMAL(10,2) NOT NULL,
order_date DATE NOT NULL,
status VARCHAR(20) NOT NULL,
PRIMARY KEY (order_id),
FOREIGN KEY (customer_id) REFERENCES customers(customer_id),
FOREIGN KEY (product_id) REFERENCES products(product_id)
);
 
INSERT INTO orders (order_id, customer_id, product_id, amount, order_date, status) VALUES
(1001, 201, 301, 1500.00, '2024-01-05', 'Delivered'),
(1002, 202, 302, 2300.00, '2024-01-12', 'Delivered'),
(1003, 203, 303, 800.00, '2024-02-03', 'Delivered'),
(1004, 201, 304, 3200.00, '2024-02-14', 'Delivered'),
(1005, 204, 301, 1100.00, '2024-03-01', 'Pending'),
(1006, 205, 302, 4500.00, '2024-03-15', 'Delivered'),
(1007, 202, 303, 950.00, '2024-03-22', 'Cancelled'),
(1008, 206, 304, 2100.00, '2024-04-05', 'Delivered'),
(1009, 203, 301, 1750.00, '2024-04-18', 'Pending'),
(1010, 207, 302, 3300.00, '2024-04-30', 'Delivered'),
(1011, 204, 303, 680.00, '2024-05-10', 'Cancelled'),
(1012, 208, 304, 2900.00, '2024-05-22', 'Delivered'),
(1013, 205, 301, 1200.00, '2024-06-08', 'Delivered'),
(1014, 201, 302, 2700.00, '2024-06-15', 'Pending'),
(1015, 209, 303, 500.00, '2024-06-28', 'Delivered'),
(1016, 206, 304, 3800.00, '2024-07-07', 'Delivered'),
(1017, 207, 301, 1600.00, '2024-07-19', 'Delivered'),
(1018, 210, 302, 4100.00, '2024-07-25', 'Delivered'),
(1019, 208, 303, 720.00, '2024-08-02', 'Cancelled'),
(1020, 209, 304, 2200.00, '2024-08-14', 'Delivered');
 
-- ============================================================
-- Verify row counts after insert
-- Expected: 4 | 20 | 20 | 20 | 20
-- ============================================================
SELECT 'departments' AS tbl, COUNT(*) AS rows FROM departments
UNION ALL SELECT 'employees', COUNT(*) FROM employees
UNION ALL SELECT 'customers', COUNT(*) FROM customers
UNION ALL SELECT 'products', COUNT(*) FROM products
UNION ALL SELECT 'orders', COUNT(*) FROM orders;
Set7 - Subquery.pdf
PDF


Post by REGex Software
REGex Software
Created Jun 1Jun 1 (Edited Jun 1)
-- Views in sQL

create database if not exists viewdb;
use viewdb;


CREATE TABLE departments (
    dept_id   INT PRIMARY KEY,
    dept_name VARCHAR(50)
);

CREATE TABLE employees (
    emp_id   INT PRIMARY KEY,
    name     VARCHAR(50),
    dept_id  INT,
    salary   DECIMAL(10,2),
    city     VARCHAR(50),
    FOREIGN KEY (dept_id) REFERENCES departments(dept_id)
);

INSERT INTO departments VALUES
(1,'HR'), (2,'IT'), (3,'Finance');

INSERT INTO employees VALUES
(101,'Aman',    2, 70000, 'Jaipur'),
(102,'Priya',   1, 45000, 'Delhi'),
(103,'Rahul',   2, 90000, 'Mumbai'),
(104,'Sneha',   3, 55000, 'Jaipur'),
(105,'Vikram',  2, 30000, 'Pune');

#q1

show tables;
SELECT e.emp_name,e.department,e.salary,ROUND(
        (SELECT AVG(e2.salary)FROM employees e2 WHERE e2.department = e.department),2) AS dept_avg_salary
FROM employees e
WHERE e.salary >
(
    SELECT AVG(e2.salary)
    FROM employees e2
    WHERE e2.department = e.department
)
ORDER BY e.department, e.salary DESC;























