-- =========================
-- EMPLOYEES TABLE
-- =========================
CREATE TABLE employees (
    emp_id INT PRIMARY KEY,
    emp_name VARCHAR(50),
    department VARCHAR(30),
    salary INT,
    manager_id INT NULL
);

INSERT INTO employees VALUES
(101,'Alice Johnson','IT',72000,NULL),
(102,'Bob Smith','IT',65000,101),
(103,'Carol White','HR',58000,NULL),
(104,'David Brown','HR',54000,103),
(105,'Eva Green','Finance',80000,NULL),
(106,'Frank Black','Finance',75000,105),
(107,'Grace Lee','IT',68000,101),
(108,'Henry Wilson','Marketing',60000,NULL),
(109,'Ivy Turner','Marketing',56000,108),
(110,'Jack Davis','Finance',70000,105),
(111,'Karen Moore','IT',63000,101),
(112,'Leo Harris','HR',50000,103),
(113,'Mia Clark','Marketing',62000,108),
(114,'Nate Lewis','Finance',78000,105),
(115,'Olivia Walker','IT',71000,101),
(116,'Paul Hall','HR',53000,103),
(117,'Quinn Young','Marketing',59000,108),
(118,'Rachel King','Finance',82000,105),
(119,'Sam Scott','IT',66000,101),
(120,'Tina Adams','HR',55000,103);

-- =========================
-- CUSTOMERS TABLE
-- =========================
CREATE TABLE customers (
    customer_id INT PRIMARY KEY,
    customer_name VARCHAR(50),
    city VARCHAR(50),
    country VARCHAR(30),
    join_year INT
);

INSERT INTO customers VALUES
(201,'Aarav Mehta','Mumbai','India',2021),
(202,'Priya Sharma','Delhi','India',2020),
(203,'Rohan Gupta','Pune','India',2022),
(204,'Sunita Patel','Ahmedabad','India',2021),
(205,'Vikram Rao','Bangalore','India',2019),
(206,'Neha Singh','Chennai','India',2023),
(207,'Arjun Kumar','Hyderabad','India',2020),
(208,'Deepa Nair','Kochi','India',2022),
(209,'Sanjay Joshi','Jaipur','India',2021),
(210,'Meera Iyer','Coimbatore','India',2023),
(211,'Ravi Verma','Lucknow','India',2020),
(212,'Anita Das','Kolkata','India',2019),
(213,'Kiran Reddy','Vizag','India',2022),
(214,'Pooja Shah','Surat','India',2021),
(215,'Amit Bose','Nagpur','India',2023),
(216,'Tara Menon','Trivandrum','India',2020),
(217,'Nikhil Kulkarni','Nashik','India',2022),
(218,'Swati Chatterjee','Bhopal','India',2019),
(219,'Rahul Pandey','Patna','India',2021),
(220,'Divya Tiwari','Indore','India',2023);

-- =========================
-- PRODUCTS TABLE
-- =========================
CREATE TABLE products (
    product_id INT PRIMARY KEY,
    product_name VARCHAR(50),
    category VARCHAR(30),
    price INT,
    stock_qty INT
);

INSERT INTO products VALUES
(301,'Laptop','Electronics',55000,30),
(302,'Smartphone','Electronics',22000,80),
(303,'Headphones','Electronics',3500,120),
(304,'Monitor','Electronics',18000,45),
(305,'Keyboard','Accessories',1500,200),
(306,'Mouse','Accessories',900,250),
(307,'Desk Chair','Furniture',8500,40),
(308,'Standing Desk','Furniture',22000,15),
(309,'Webcam','Electronics',4200,70),
(310,'USB Hub','Accessories',1200,180),
(312,'Pen Set','Stationery',250,600),
(313,'Printer','Electronics',12000,25),
(314,'Scanner','Electronics',9000,20),
(315,'External SSD','Electronics',7500,60),
(316,'Lamp','Furniture',2200,90),
(317,'Whiteboard','Office Supplies',3800,35),
(318,'Cable Organiser','Accessories',600,300),
(319,'Power Bank','Electronics',2800,100),
(320,'Smart Watch','Electronics',15000,55);

-- =========================
-- ORDERS TABLE
-- =========================
CREATE TABLE orders (
    order_id INT PRIMARY KEY,
    customer_id INT,
    product_id INT,
    amount INT,
    order_date DATE,
    FOREIGN KEY (customer_id) REFERENCES customers(customer_id),
    FOREIGN KEY (product_id) REFERENCES products(product_id)
);

INSERT INTO orders VALUES
(1001,201,301,1500,'2024-01-05'),
(1002,202,302,2300,'2024-01-12'),
(1003,203,303,800,'2024-02-03'),
(1004,201,304,3200,'2024-02-14'),
(1005,204,301,1100,'2024-03-01'),
(1006,205,302,4500,'2024-03-15'),
(1007,202,303,950,'2024-03-22'),
(1008,206,304,2100,'2024-04-05'),
(1009,203,301,1750,'2024-04-18'),
(1010,207,302,3300,'2024-04-30'),
(1011,204,303,680,'2024-05-10'),
(1012,208,304,2900,'2024-05-22'),
(1013,205,301,1200,'2024-06-08'),
(1014,201,302,2700,'2024-06-15'),
(1015,209,303,500,'2024-06-28'),
(1016,206,304,3800,'2024-07-07'),
(1017,207,301,1600,'2024-07-19'),
(1018,210,302,4100,'2024-07-25'),
(1019,208,303,720,'2024-08-02'),
(1020,209,304,2200,'2024-08-14');

#q1
show tables;
select department,count(*) from employees
group by department;
#q2
select department,avg(salary) from employees
group by department
having avg(salary) > 60000;
#q3
select department,sum(salary) as ts from employees
group by department
having sum(salary) > 60000
order by ts desc;
#q4
select department,count(*),avg(salary) 
from employees
group by department
having count(*)>4 and avg(salary)>53000;
select * from orders;
#q5
select customer_id,count(*) as oc,
sum(amount) as ta
from orders
group by customer_id
having oc>=2 and ta>5000;

#tp.2
#q1
select * from customers; 
select * from orders; 
select c.customer_name,count(*) from customers c
join orders o
on
c.customer_id=o.customer_id
group by c.customer_name;
#q2
select * from products; 
select * from orders; 
select p.product_name,sum(o.amount) from products p
join orders o
on
p.product_id=o.product_id
group by p.product_name;









